,id,date,dateYear,dateMonth,dateDay,rating,userName,content
0,1,20220901,2022,09,01,5,박과장,솔직히 정확하지는 않아요. 오류도 잦고(들어갈때마다 로그인 새로 해야하는건 정말 번거로워요) 그렇지만 일단 정액으로 사용하다보니 기를 쓰고 먹은거 사진 찍어 올리고 기록하게 되어서 그 부분은 참 좋습니다. 칼로리와 영양성분이라는걸 개인이 어떻게 알겠어요. 대충 시중에 나와있는거 끌어와서 입력해주는거지. 하지만 하나의 음식을 구성하는 재료를 빼고 먹는다고 적어놓으면 그 재료만큼의 칼로리는 빼주셨으면 합니다^^ (예: 햄버거 윗빵 하나 떼고/ 마라탕 국물 없이 야채만 등)
1,2,20221015,2022,10,15,4,노세영,어플 자체는 정말 좋습니다. 다만 음식정보가 기입되었다는 알람이 떠서 바로 어플로 실행시키면 로그아웃이 되어있어요. 한두번 그런게 아니고 알람 떠서 들어갈때마다 새로 로그인을 해야 하는 상황입니다. 업뎃을 하셨다는데 추가적으로 더 보완해야 할 것 같아요.
2,3,20221003,2022,10,03,2,Che Pon,편해요 진짜 편한데 오류가 너무 많아요. 삼일에 한번은 지웠다 까는거 같아요. 로그인은 매일 풀리구요...아직은 결제해서 쓰고있는데 계속 이러면 그냥 안쓸거같아요. 다른 어플 쓰면 자기가 검색해서 칼로리 계산할수 있는데 왜 굳이 유료 결제해서 하겠어요 귀찮아서 그런건데 지웠다 깔고 어쩌고 하는거 너무 귀찮아요...또 오류나서 계속 꺼져요....화나요 ㅠㅠ
3,4,20220923,2022,09,23,5,신영찬,"바프 찍는 친구 추천으로 식단분석 무료 버전일 때부터 쓰기 시작했어요 칼로리 계산 기능, 사진 업로드하면 식단 자동으로 써주는 기능도 너무 좋아요 칼로리 계산이 너무 귀찮더라구요 유료버전 오픈하자마자 결제했고 빨리 선물하기 기능 만들어주세요~!~!~! 기능 추가 피드백도 빨리 반영되어서 좋아여"
4,5,20210914,2021,09,14,4,헬로헬로,"적는걸 까먹은 작은 소스 같은 것도 사진에서 찾아내 자동으로 기록해줘서 좋아요. 하지만 최근에는 오류가 좀 많네요ㅠㅠ 음식사진을 등록하고 사진이 올라간 것을 확인했는데 나중에 어플을 다시 들어가보면 등록된 음식이 없다고 나와요. 그리고 같은 음식, 같은 양을 올렸는데 칼로리가 다르게 나오는 경우가 종종있어요. 정확도는 약간 떨어지는 것 같지만 편리해서 이 어플로 식단 기록 남깁니다"
5,6,20210419,2021,04,19,5,소중한 롱낭콩,"사람들이 잘 몰라서 다운수가 적다고 생각되네요. 평점이 좋아서 받아봣는데 디자인도 깔끔하고 딱 필요한 기능들만 있어서 너무 편하게 잘쓰고 있습니다. 무료로 사용하는게 개발자 분들게 죄송하네요... 여튼 칼로리 계산도 여러가지 방법으로 잘되고, 양같은 것도 디테일하게 조절할 수 있어서 좋아요. 내용도 직관적으로 잘 보이고요. 감사합니다!"
6,7,20210820,2021,08,20,5,은지,"정말 추천합니다!! 사진이나 몇 글자 적기만 해도 자동으로 거의 정확하게 칼로리를 계산해줍니다. 이름을 모르는 메뉴은 사진 찍으면 되고, 사진을 까먹으면 먹은 것 생각해서 적으면 되기 때문에 3달넘게 하루도 빠지지 않고 계속 할수 있었습니다. 가끔 과하게 먹는걸 조절하고 싶어서 가벼운 마음으로 시작했는데 실제로 체중도 최저를 찍었습니다. 이유는 비슷하게 맛있게 먹던 음식인데 칼로리가 특히 높은 음식들을 알 수 있어서 그걸 안 먹기 시작했고, 술도 칼로리가 찍히니까 조절해서 먹을 수 있었습니다. 그리고 하루 중 한 끼를 과하게 먹어서 칼로리가 실시간으로 높게 찍혀있으면 다른 시간에 덜 먹게 되거나 야식을 참을 수 있게 되더라구요. 정말 도움 많이 됐습니다. 칼로리 관리까지 원하시면 유료로 해주는 것도 있어서 제대로 다이어트 하실때 이용하면 좋을 것 같습니다. 하나 단점은 앱을 켤때 바로 안 켜지는 경우가 꽤 있었어요ㅠ 앱을 지우고 다시 받으면 된다는데 기록 지워질까봐 그냥 쓰고있습니다"
7,8,20210704,2021,07,04,5,강성린,"매우 유용한 어플 잘 사용하고 있습니다. 감사합니다. 향후 개발계획에 포함되어 있겠지만, 운동기능과 즐겨찾기, 그리고 체중그래프 기능 하루속히 추가하면 더욱 파워풀하겠네요. 이 수준까지 개발되면 얼마든지 유료로 사용할 의사가 있습니다. 1. 운동으로 소모한 칼로리를 같이 계산해야 하루 섭취-소모 칼로리를 계산하여 체중변화와 비교 2.체중그래프로 순섭취칼로리와 비교한 시계열적 변화 분석. 3.즐겨찾는 메뉴로 매일 동일한 메뉴를 일일히 기뢰하지 않고 손쉽게 입력 가능"
8,9,20211021,2021,10,21,5,heejoe choi,지금까지 써본 식단 앱 중에 제일 편해요~!!! 기록하는거 귀찮아서 식단 조절 못했었는데 덕분에 식단 하면서 다이어트 잘 하구 있습니다ㅎㅎㅎ 다만 식단 수정할때 사진도 추가할 수 있게 되면 더 좋을 것 같아요ㅎㅎㅎ 그리구 몸무게를 입력하니까 몸무게 변화 그래프도 보이면 더 좋을 것 같습니다! 스프린트 팀 응원합니다🥰
9,10,20210820,2021,08,20,4,Leso,앱 자체는 간편하고 좋지만 반응이 너무 느려요. 켜지는 것도 거의 10초 이상 걸리고 켜진 이후에도 데이터 로딩이 한참 걸리네요. 또 인터넷 사용을 못할 때도 우선 입력해두고 나중에 칼로리를 계산받고 싶은데 인터넷이 없으면 아예 켜지지 않아서 좀 불편해요. 몸무게를 차트로 보여줘도 좋을 것 같아요.
10,11,20210609,2021,06,09,5,호호,"진짜 어플리뷰 자발적으로 처음 쓰는데 식단관리 앱중에 최고네요.. 직관적인 사용법, 예쁜 인터페이스까지. 분명 어딘가에 수많은 이용자들의 데이터를 하나씩 수기로 입력하는 분들의 노고가 있겠지만 ㅠㅠ... 정말 유료화 된다면 한달 몇만원 내고라도 쓰고싶음. 좋은 앱 개발해주셔서 감사하고 많이 버히실"
11,12,20210718,2021,07,18,5,이채연,먹은 음식들 하나하나 찾아서 먹은 양 설정안해도 사진만 올려도 알아서 잘 기록해주시더라고요. 옛날에는 식단 기록하는게 하나의 일이고 귀찮았는데 스프린트를 만나고 나서는 즐거운 하나의 습관이 되었어요. 그런데 다만 아쉬운게 체중그래프가 없고...그 날에 먹은걸 한 눈에 볼 수 없다는게 조금 아쉽네요. 개발자분들 힘내세요!
12,13,20200908,2020,09,08,5,진현황,"잘 쓰고 있어요 아직 식단 수정이 안되거나 글자 칠 때 연속으로 같은 글이 써지는 오류가 보이거나 하지만 그래도 익숙해지니 다른 건 쓰기 귀찮을만큼 편해졌네요 목표 일일 칼로리를 지정하는 기능이랑 당류 표시, 운동 칼로리 기록 기능이 생기면 좋겠어요 그정도면 유료로 바뀌어도 계속 쓸 생각이 있습니당"
13,14,20210517,2021,05,17,5,hyun_i Lee,"깔끔하고 편한 식단관리 어플! 기본적으로 매니저가 칼로리를 계산해주는 기능은 무료이고, 담당 매니저가 붙어서 내 식단에 대한 코치를 해주는 것부터 유료 기능임. 평소 직접 식단 입력하는 걸 귀찮아하는 사람들한테 추천! * 단, 칼로리 계산을 바로바로 해줄 때도 있지만 몇시간 기다려야 할 때도 있음. 그래서 가능하다면 4시쯤에 그전까지 먹었던 걸 1차적으로 계산해주면 좋겠음!!"
14,15,20220121,2022,01,21,5,hansol kim,증량을 위해 식단 기록을 하려고 관련해서 어플 여러 개를 다운받아봤는데요! 그 중에서 스프린트가 제일 좋았습니다. 그 이유는 칼로리를 자동 계산해준다는 점인데요. 식단 관리를 하려면 칼로리를 알아야 하는데 일일이 다 칼로리를 알아내기가 어려워서 고민이었는데 그 문제를 딱 해결해주니 정말 좋은 앱입니다! 아직 개선할 점이 보이긴 하지만(정확한 칼로리 계산) 아이디어 자체가 너무 적절합니다. 앞으로도 잘 쓰겠습니다!
15,16,20210507,2021,05,07,5,정가은,"너무 좋아요. 광고도 없고 그냥 내가 먹은거 쭉 적으면 내가 뭘 얼마나 먹었는지 확인하기도 쉬워서 너무 유용해요. 왜 사람들이 이 어플을 안쓰는지 의문이 들 정도로요. 단순히 식단 뿐 아니라 운동한거나 먹는 영양제도 정리할 수있어서 진짜 좋아요. 칼로리가 많이 신경쓰이고 특히 내가 어떤 영양소를 부족하게 먹는지, 많이 먹는지 알 수 있다는게 저한테는 장점이에요. 아니 왜 이걸 사람들이 안쓸까요,,,, 너무 유용하고 좋은데,,,,,, 다 좋아서 딱히 요청사항은 없지만 혹시 가능하다면 내일 나의 식단을 미리 계획할 수 있으면 좋겠어요. 어플을 쓰다보니 식단에 더 신경쓰게 되었는데 내일 식단을 계획하면서 정리할 수 있으면 더 더 좋을것 같아요"
16,17,20210901,2021,09,01,4,Jiyeong An,"서비스 너무 좋고 감사한데, 로딩이 진짜 너무 느려요.. 초기 화면 켜지는데도 10초 이상 걸리고, 사진 올리면 1분 이상 걸릴 때도 있어요. 이런 대응 속도만 개선되면 다이어터는 물론 식단관리 필요한 환자들한테도 최고의 앱이 될 듯 해요"
17,18,20210623,2021,06,23,5,mint (써니),진짜진짜만족하면서 사용중이에요♡♡♡♡♡ 365일 다이어트중인데 전에는 식단정리를 한번도 해본적이 없었어요 제대로 시작해보자싶어 많이 앱중에 선택한건데..진짜 대충적거나 사진으로 올리면 영양성분 및 칼로리정보도 자동으로 입력해주셔서 만족하면서 쓰구있어요! 이제 한달차 되가는데 습관화되게 계속 이용할것같아요ㅎㅎ좋은 앱 개발해주셔서 감사해요 ☺
18,19,20210316,2021,03,16,4,JEONGYUN YEOM,우선 먹은것을 빠르게 계산해주는게 아주 흘륭합니다. 일주일째 식단 기록지로 활용하고있어요. 다만 엉뚱한 계량이나 전혀다른 것으로 업로딩될때가 있네요. 물론 수정요청시 빠르게 수정해주시긴합니다. 빠른 피드백이 아주 큰 장점인것같아요. 고맙습니다. 잘 사용할게요!
19,20,20210908,2021,09,08,5,강,"솔직히 어플 자체는 업로드 딜레이 시간도 있고, 입력도 타 어플에 비해 엄청 편하다고는 못 하겠지만😅 스프린트 인스타로 스프린트의 인간지능에 꽂혀버려 계속 응원하며 사용하랴고요. 앞으로 더 발전하는 스프린트가 되길 기대해봅니다...!"
20,21,20220201,2022,02,01,3,김민지,식단어플은 꾸준히 일년 넘도록 썼던 어플이 있었는데 몇일 전 이것도 추가적으로 써보고 있어요~ 괜찮으면 어플을 바꿔보려구요~ 근데 좀 건의사항? 이랄까요 1. 한번 올렸던 식단은 글은 수정이 되지만 사진은 수정이 안되더라구요.삭제만 되고 추가할 수가 없어서 좀 불편했어요 2. 시간을 지정해서 올려도 제대로 안 올라가고 현 시간으로만 올라가서 시간 수정해야하는 경우가 여러번 있었어요 3. 시중에 판매되는 가공식품인데 어제오늘 같은걸 먹었는데도 칼로리가 다르게 나오더라구요. 완제품이었는데;; 제가 일년 넘게 썼던 어플도 일년동안 많이 업그레이드를 하더라구요~ 여러 사람들의 불편사항을 잘 참고해서 계속 좋은 방향로 가려는거 같았어요~ 여기도 계속 업그레이드가 된다면 칼로리를 매번 계산하지 않아도 되는 면에서 유용한 어플이 될 것 같아요~
21,22,20210429,2021,04,29,5,석지은,"너무 좋다~!!! 심플하고 정확하고 예쁘고 동기부여 되는 어플 너무 좋아요! 자동으로 계산되는 게 아니고 사람이 일일이 계산해주는 거였다니.. ㅋㅋ 귀엽고 멋진 어플입니다. 앞으로 계속 이용할 수만 있으면 좋겠어요~ 다른 군더더기 기능 더 안필요하고, 이대로 최고입니다!"
22,23,20220204,2022,02,04,5,eeej,인간지능!! 이걸 사람이 수동으로 다 입력해주는거라니ㅋㅋ 무조건 별 다섯개예요!!ㅋㅋㅋ 리뷰들보면 칼로리 계산이 정확하지 않다 하는데 저처럼 그냥 다이어터한테는 아무 문제 없어요! 오히려 뭐랄까. 왜 금연이랑 다이어트 성공하려면 주변 사람들한테 마구마구 소문내라는 말이 있잖아요. 그것처럼 제가 먹은 걸 누군가가 확인한다고 생각하니까 간식 먹으려다가 멈칫하고ㅋㅋㅋ 칼로리를 아는 완제품 경우에 칼로리 적어드리니까 그대로 반영해주시더라구요. 그런 면에서 소통도 되는 것 같고! 아무튼 다 좋아요!! 잡다한 다른 기능 없이 계속 이렇게 깔끔하게 유지되면 나중에 유료로 전환되어도 결제할 마음 한바가지예요♡
23,24,20220207,2022,02,07,5,김밥,과거 전에 식단앱 유목민으로 2년간 돌아다니다가 스프린트를 발견하고 이 앱에 정착한지 1년이 지났습니다. 너무 너무 좋고 편리하고 개발자분들의 노고와 인간지능 기반의 서비스라 섭취칼로리와 영양성분을 가장 정확하게 기록할 수 있어 좋습니다 요새 고생이 많으신듯 하여 리뷰를 남깁니다.. 언제나 감사한 마음으로 사용하고 있습니다. 과로하지 마시고 항상 힘내세요!!!!!!
24,25,20211216,2021,12,16,5,홍성희,"사용해보니 너무 편리하고 간편해요! 몸무게 변경 관리가 되면 좋을것 같고, 운동해서 사용한 칼로리도 계산되면 좋을것같습니다! 이정도 기능 들어가면 구독서비스로 전환해도 할만할것 같습니다 (현 서비스기획자)"
25,26,20211101,2021,11,01,5,Koo Jinju,"리뷰 잘 안쓰는데 요새 이 앱 너무 잘쓰고있어서 감사함에 올립니다! 일반식 섞으면서 식단조절중인데, 사진만 올려도 음식들의 칼로리를 분석해주니까 굉장히 편리하구 탄단지비율과 섭취량을 한눈에 볼수있어서 좋아요! 그동안 먹은거를 보면서 앞으로 어떻게 식단 보완할지 계획하기에도 쉽습니다!! 이게 무료라니,, 널리널리 소문낼게요,, 흥하세요!!"
26,27,20210717,2021,07,17,5,박상언,모든 식단기록 어플을 다 깔아보고 제일나아서 계속 쓰고있습니다! 광고도 없고 깔끔하며 제일 대단한건 대충적어도 ai인지 직원분인지 잘 찾아서 탄단지와 칼로리까지 기록해주신다는거에요. 한가지 바람은 펴준섭취 탄단지와 칼로리가 그날먹은 사진들과함께 한화면에 들어올수있는 대쉬보드가 있었으면 좋겠습니다 ㅠㅠ 사진과 함께 캡쳐는 불가능하고 그날 먹은정보를 캡쳐해서 누군가에게 보내거나 기록할때 두~세장씩 캡쳐를 해야해서요 그것빼곤 모두 만족합니다
27,28,20210824,2021,08,24,4,김기연,"사진올리면 알아서 칼로리입력,음식이름도 착 등록되서 너무너무 좋아요. 덕분에 다이어트식단 기록하는게 넘 편해요. 다만,,업로드랑 어플들어가는데 너무 오래걸리는게 흠이에요ㅠ 버퍼링이 왜이리 오래걸리는지 그래서 그때그때 등록도 못하고 어플 실행 잘 될때 몰아서 하고있어요 왠만하면 리뷰안쓰는데 어플개발자님의 발전과 더편리하게 쓰고싶어서 리뷰씁니닿ㅎㅎ꼭 고쳐주세요!!"
28,29,20220209,2022,02,09,5,김보람,사진에 시간이 나오는 어플을 쓰고 있는데 사진에 나오는 시간이 자동으로 등록됬으면 좋겠어요! ㅡㅡㅡㅡㅡㅡㅡㅡㅡㅡㅡㅡㅡ 처음 써봤는데 넘 간편하고 좋아요!! 근데 아무래도 요즘 다들 액상과당 때문에 문제가 많으니까 식품 정보에 당 함유량도 나오면 충격받아서 건강한 식생활을 영위하는데 더 도움이 될 것 같아요!
29,30,20210920,2021,09,20,1,김리닝,9/20 업데이트 이후 먹은 양 수정하기 섹션 + - 로만 수정되고 상세한 g 수정이 안되게 변경된거 너무 불편해요 ㅠㅠ 잘쓰고 있는데 이런건 왜 변경된건지....... 일시적 오류인지 아닌지 모르겠지만 예전처럼 세세한 g 단위로 수정할수 있게 바꿔주세요 그리고 고구마 100g 으로 올렸는데 고구마 갯수는 100개로 표시됩니다.......... 업데이트가 불안정해 보여요
30,31,20210805,2021,08,05,5,김규나,"저 이 앱 발견하고 너무 기뻤는데, 오류사항이 있어 수정하고 더 잘되길 바라는 마음으로 씁니다 ㅠㅠ 다이어트 하는 분들은 식단이 일정한 경우가 많아서 어제 먹었던 걸 오늘 또 똑같이 먹기도 하잖아요. 매번 사진 찍는게 귀찮아서 어제 찍은 사진을 업로드하면, 오늘에 식단이 기록되는 게 아니라 어제로 식단이 기록되더라구요. 그러면서 앱이 몸무게 수치도 안보이는 등 오류를 보여요. 제 생각에는 사진을 찍은 날짜로 자동분류해서 그런 현상이 발생하는 것 같은데, 이런 유저도 있다는 걸 알려드려요. 갑자기 여태껏 기록했던 모든 몸무게가 안보여서 날아간 줄 알고 깜짝 놀랐네요."
31,32,20210824,2021,08,24,5,최은진,사용이 편리하고 너무 좋아서 잘 쓰고 있습니다! 로딩이 오래 걸리고 간혹 제가 등록한 식단이 오류로 삭제되는 경우가 있는데 이 부분에 대한 피드백도 해주시면 좋을거 같아요! 앞으로 꾸준히 쓸 것 같아요 ㅎㅎ
32,33,20210819,2021,08,19,4,김서연,음식만 입력하면 칼로리를 알아서 계산해주시는 너무나 편리한 어플이에요. 전 이 어플과 함께 다이어트에 성공했어요. 다만 한번씩 로딩이 너무 오래 걸릴때가 있고 최적화가 좀 아쉬워요.
33,34,20210812,2021,08,12,4,호미,아무렇게나 찍어서 올리면 정말 아무렇게나 칼로리 계산됩니다. 사실 사진만 찍어 올린다고 어떻게 칼로리값이 계산되나 생각했는데 600칼로리 리코타치즈샐러드 식단이 200칼로리 그릭요거트 샐러드가 되네요.(탄단지비율도 안맞아요!) 역시 사진으로는 한계가 있습니다. 궁금한 마음으로 설치했구 처음엔 이걸 직원분이 하나하나 어떻게 다 하시지? 존경스러운 생각도 들었어요. 난 식단일기가 정말 귀찮아서 못하고 이걸로라도 참고만 하시는 정도면 추천드려요. 근데 대충 사진입력하시고 다이어트 하시면 아마 섭취칼로리는 틀릴확률이 높습니다. 매우.
34,35,20210215,2021,02,15,5,Take Knowledge의 인생 주도 개발,사진만 찍어 올려도 입력이 다 되는게 너무 편합니다. 더 놀라운 건 알아보기 힘든 상태로 올렸는데 그걸 다 맞추시네요ㅋㅋ보통 이런 식단 관리앱은 먹은 거 하나씩 찾아서 기록하는게 귀찮아서 며칠 쓰다 말곤 했는데 이건 재밌어서 계속 쓸 거 같아요 스프린트 흥하길 바랍니다!
35,36,20210624,2021,06,24,5,감자튀김,헐...진짜로 사람이 칼로리를 계산한다고요?! 총 탄탄지 칼로리 외에 끼니 별로 탄단지 구분이 되어있어 식사 평가가 간단해져서 좋아요. 데이터베이스를 만들어서 칼로리가 정해진 공산품이나 먹은 용량을 g으로 정확히 잰 경우는 스스로 입력할 수도 있다면 좋을 것 같아요.
36,37,20220203,2022,02,03,5,q shim,"어플리뷰 잘안남기는데 너무 만족도가 높아서 별다섯개 드려요. 체중조절에도 심리적으로너 실질적으로 도움도 크게되고 있어요 (: 유료화가 된다 해도 사용할 마음 충분하구요 , 항상 감사하는 마음으로 사용하고 있습니다 ."
37,38,20210925,2021,09,25,5,Lemon Blue,식단어플을 여럿 사용 해 보았는데 스프린트 앱이 편의성 최고입니다. 잘 모르거나 애매한 식단도 입력하기만 하면 직접 체크를 해 주어서 너무 편리합니다. 추천해요
38,39,20201109,2020,11,09,5,김성열,요즘 다이어트 중이라서 식단조절을 하고 있는데 이 어플 엄청 편하네요! 칼로리도 칼로리지만 탄단지! 운동도 함께 하고 있어서 단백질 섭취량에 대한 중요성을 많이 느끼고 있는데 이것도 쉽게 확인할 수 있어서 특히 좋았어요!! 주변에 열심히 추천중~
39,40,20220817,2022,08,17,4,이가은,제가 정말 정말 좋아하는 어플이라 1년 결재도 했는데 들어갈 때 마다 구글 로그인하라 하고 하루 한번씩은 어플이 꺼지네요.. 그래도 어찌어찌 계속 사용하고는 있는데 너무 아쉽습니다 ㅜㅜ
40,41,20220818,2022,08,18,3,samantha ch.,작년에 사용했을 때는 칼로리 계산이 잘 된것 같은데 아무래도 DB가 쌓여서 인지 잘 맞지 않네요 아쉽습니다 그래도 식단일기로 하기에 편리합니다 유료로 이용하면 괜찮을까요??
41,42,20220813,2022,08,13,2,ᄌᄋ,이전보다 오류가 더 많은거같아요...앱튕김도 심하고 칼로리 계산실수도 많아요 ㅠ잘쓰던앱이라 새로 업데이트됐다고 해서 결제까지 했는데 솔직히 많이 아쉬워요.......
42,43,20220811,2022,08,11,5,김혜진,업데이트 후 안 열립니다 ㅠㅜ 이거 너무 곤란하네요 바로 업데이트되어 잘 접속 되네요 빠른처리 👍 엄지척 입니다
43,44,20211229,2021,12,29,1,ᄏᄏᄏ,맨날 사용자가 오류신고하게 만드는 어플. 계산 이상하게 해서 직접 칼로리 적어줘도 이상하게 적음 그래서 제대로 적으라고 컴플레인 걸었더니 사용자랑 기싸움 하는 어플ㅋㅋ 적어줘도 신고까지해도 연속해서 일부러 다르게 적음ㅋㅋㅋ ㄹㅇ뭐하자는건짘ㅋㅋㅋㅋ
44,45,20210524,2021,05,24,5,박새미,그냥 뭐 먹었는지만 적으면 칼로리 계산을 알아서 해주시니까 간편해서 사용하기 너무 편합니다~ 다이어트는 빡세게 하는건 아니라서 오늘 몇칼로리 먹었구나알고 너무 많이 먹었다고 생각하면 덜먹게 되어서 빠지는건 아니지만 찌지도 않더라구옇ㅎ 다이어트 하시는 분들에게 완전 강추!!
45,46,20210414,2021,04,14,5,이유진,사진만 찍어서 올려도 알아서 칼로리 계산 해주니까 너무 간편하고 좋아요! 다른 어플은 틀리게 나올 때도 있는데 스프린트는 정확도가 거의 맞는 것 같네요~ 앞으로도 잘 사용할게요.좋은 어플 만들어 주셔서 감사합니다^^
46,47,20220205,2022,02,05,3,Jane Kim,"꾸준히 써오고 있는데 최근들어서 급격히 식단입력 시간이 오래걸려서 너무 불편해요ㅠㅠㅠ지금까지 섭취한 탄단지 비율보고 다음끼니를 정해야 하는데 어쩔땐 한나절이 지나도 입력이 안돼있어서... 인간지능이라서 너무 수고해주시는건 알고 있지만, 이용자 유입이 늘었다면 차라리 직원을 더 뽑으시고 앱을 부분 유료화하는게 어떨까요? 아니면 매니저가 인간지능으로 계산하는것 외에 이용자가 스스로 음식 칼로리 선택해서 입력할수도 있게 하면 좋을것 같아요!"
47,48,20210812,2021,08,12,5,권구,식단조절을 태어나...처음으로 도전하는데.. 그냥 정말 식단기록하기위해서 사용중입니다. 칼로리계산이 정확하진 않지만 기록용으로 전 만족해요!
48,49,20221021,2022,10,21,3,5하노,다좋은데..잔버그들이많아요ㅠㅠ
49,50,20210809,2021,08,09,3,모카,어느정도 양과 음식이름으로 가늠하는건 오차범위가 어쩔수없다고 쳐도 제가 정확하게 음식점이름 음식이름 먹은양 그리고 그 음식에 적혀있는 성분표를 읽어보고 칼로리를 전부 기록하더라도 지멋대로 다른양 다른칼로리 또는 중복으로 두개씩 올라갈때도있어서 매니저가 체크중이라고 뜨지만 그냥 기계로 자동입력만 하는거같아서 식단 올려놓고도 두세번 다시 확인하면서 쓰고있어요 어플자체는 보기편하고 기록하기도 편한 스타일이에요
50,51,20210725,2021,07,25,5,장현진,대박이에요...일대일 식단 쌤 생긴 기분..! 입력해주시는 분들이 매번 다른가??싶기도 한게 같은 음식일때 약간 칼로리의 차이 있을때가 있어서..ㅎㅎ 근데 그닥 오차가 크지 않아서 괜찮은데 항상 일정하게 해주시면 더 좋을 것 같아요^^ 항상 수고 많으시고 잘 쓰고 있습니다!!
51,52,20210328,2021,03,28,5,Jang바니,진짜 식단 다이어리 다른 어플 쓸때 일일이 찾고 그러는거 귀찮아서 작심삼일됬는데 이건 내가 뭐먹었는지만 쓰면되거나 사진만 올리면되서 진심 너무편해요 !!! 물론 올리자마자 확인되는건아니지만 꽤 빠른시간안에 예상칼로리 올라오구 진짜 그지같이 나온 접시사진도 메뉴 하나하나 다 올라와서 놀랐어요 ㅋㅋㅋㅋ 나중엔 운동도 내가 한 운동 적기만하면 칼로리 나오는것도 잇음 좋을거같아여!!
52,53,20210426,2021,04,26,5,soyeon lee,넘넘 편해요!! 다른 어플들은 쓰다보면 귀찮아져서 식단관리 실패했었는데~ 이 어플은 넘 편해서 첨으로 꾸준히 기록하고 있네여ㅋㅋㅋㅋ 특히 영양제 코너 있는 거 짱이에요!!👍👍👍
53,54,20201002,2020,10,02,4,hwang8574,사진을 찍어 올리면 식단 매니저가 메뉴 파악해서 칼로리까지 기록 해준다는 말입니까? 빨리 기록안되는 걸보니 인공지능기능이 아니라 사람이 일일이 보고 판단해서 대신 기록해주는 겁니까? 이것 무료맞나요? 수백명이 동시에 사진 올리면 어찌 감당하시련지요. 원하는 날짜에 사진이 안올라 갑니다. 오류인가요? 하루에 사진 하나이상 안올라가나요? 추가하니 다른 날짜로 가버리네요. 아이고~ 사진 보낸것 모두 오류발생이라뇨? ...
54,55,20211109,2021,11,09,5,뿅뿅여사,우와 너무 신기해요 사진만 찍어서 올려두면 칼로리가 알아서 책정되니 이때까지 쓴 어플중에 최고예요~~~~너무너무 편해요 주변에도 추천마니 했어요 ㅎㅎ 앞으로도 계속 쭉 쓸 예정이예요
55,56,20210620,2021,06,20,5,혜은장,매번 올리는 식단의 칼로리와 영양소를 계산해주는 sprint 최고예요. 아주 만족하면서 사용하고 있어요. 편하게 식단및 칼로리 관리할수있어서 좋네요
56,57,20211103,2021,11,03,5,마._.,오늘 써보기 시작했는데 너무너무 좋아요!!ㅠㅠ 칼로리 양 항상 찾아보기 귀찮고 싫었는데 바로바로 볼 수도 있고 하나로 뭉뚱그려서 해주시는 게 아니라 하나하나 조각 한 두 개 까지 조절해서 기록할 수 있으니까 너무 좋네요 이런 앱이 어떻게 무료인지 모르겠어요 감사드립니다!!😍😍
57,58,20210329,2021,03,29,5,Rumi P。,편하고도 관리하기 넘 편해요. ㅍ시크릿 뭐 이런 유명한 어플보다 등록이 편해서 더 잘 쓰게 됩니다. 식단 관리 어플 웬만하면 다 써봤지만 이거 쓰고 다른 어플은 다 지웠네요.
58,59,20210204,2021,02,04,2,쓸,이거 며칠째 잘쓰고있었는데 갑자기 인터넷 연결이 안된다면서 계속 안되면 재설치하라고해서 재설치도 했는데 계속 인터넷연결 안된다고뜨네요; 기록용으로 계속 쓰려고했는데 재설치해도 오류인지뭔지 아예 할수가없는데요ㅜ
59,60,20220125,2022,01,25,4,보리집사,사진이 한번에 올라가는 법이 없네요..ㅜ 기본 3번 이상은 찍어야 올라갑니다..답답..ㅡㅡ 이거라도 좀 어째 해주세요~제발~ㅜ 칼로리 계산이 기본 2시간은 걸려서..요것두 쬐금 문제이구여.. 다른기능 잘 쓰고 있습니다^^
60,61,20210606,2021,06,06,5,름튜브,최고의 어플이예요! 유료여도 쓸거예요! 영양소 알아서 입력되는 것 정말 편하고 탄단지 섭취량 한눈에 볼 수 있어서 최고예요! 나트륨이랑 당 섭취량도 볼 수 있으면 더할나위 없겠습니다! 최고의어플!!!
61,62,20211205,2021,12,05,1,익명,데이터 삭제 캐시삭제 어플삭제 후 재설치 전부 했는데도 안드로이드 스크롤캡쳐가 안 됩니다 업데이트 이후부터 이러는 느낌인데 왜 이러나요? 화면 전체 캡쳐해서 따로 기록중이었는데 스크롤캡쳐가 안 먹히니 뭘 어떻게 할 수가 없네요ㅡㅡ
62,63,20210602,2021,06,02,1,DAY,오류도 너무 많고 오히려 제가 하나하나 칼로리를 찾아서 알려드려야 하네요; 수정해달라고 계속 말해야 겨우 수정되고... 식단올리면 갑자기 식단이 사라져서 다시올려야되고. 하나하나 직접 칼로리 찾아서 적으신다고 들었는데 더 전문적이고 정확하신분들이 하셔야될거같네요.
63,64,20210622,2021,06,22,5,bonmin koo,이것만큼 편한 식단관리 어플이 없습니다! 만드신 분께 감사드리는데 유료로 전환될까 걱정이네요. 영양성분에 나트륨도 포함되면 좋을거 같아요.
64,65,20210528,2021,05,28,5,카피바라,너무 편하고 깔끔하고 UX도 직관적이라 좋습니다 체중변화를 꺾은선그래프로 볼 수 있는 파트도 추가하면 좋을 것 같아요
65,66,20210202,2021,02,02,5,방미정,"스프린트 앱은 입력하는 재미가 쏠쏠하네요-! 어떤 음식이라도 하나하나 영양정보로 바뀌어 기록되니 신기해요ㅋㅋ 특이한 음식 찾아 먹고, 찍어 올리는 취미가 생겼어요 :)"
66,67,20220111,2022,01,11,2,소민,일부러 그러는건가? 싶을때가 좀 있음 제품 명 을 적었는데 엉뚱한 걸로 등록 되어 다시 수정 요청을 해야한다거나 사진찍고 목록에 한글로 적었는데 적지도 않은 음식을 등록함..
67,68,20220831,2022,08,31,3,이예슬,글로 이미지 사진 검색으로도 자동 식단 기록앱이 있으니 편리합니다 그리고 유용하게 쓸수있어서 좋아요
68,69,20210622,2021,06,22,5,책과 함께하루 한권,대박 좋아요 !! 힘들게 식단 기록하는 번거로움도 없애주시고 칼로리에 영양표도 잘 보여주시고 관리하기 완죤 편해요!! 대박 나세요
69,70,20210519,2021,05,19,5,이바다,생전 어플리뷰 자의로 안써봤는데 너무 좋아서 씁니다!! 광고도 없고 인터페이스도 너무 깔끔하고 칼로리 계산도 정확히 해주는데 최고에요 ㅠㅠ 음식 잘못적은것 수정하면 칼로리도 바로 수정해주더라구용 짱이에오
70,71,20211202,2021,12,02,5,또잉오잉,너무 간편하게 잘쓰고있습니다 칼로리계산을 사람이 직접하시는건지 자동인지 모르겠는데 사람이 직접하시는거면 힘드실거같지만 저는 너무 감사하고 도움이 돼요!! 오래오래 어플사용하고싶어요👍👍
71,72,20210625,2021,06,25,5,alice zeze,사용해본 모든 어플중에서 최고예요~!!! 사진에 나온 과일 갯수까지 세어서 칼로리 계산을 해주시다니 완전 감동이예요~^^ 주위 지인들에게도 추천하고 있답니다~^^
72,73,20210715,2021,07,15,4,유상미,식다관리를 해주는게 좋고 구성도 직관적이라 편해요. 하지만 실제 칼로리랑 너무 차이나는 경우가 하루에 한두건씩 나오네요ㅠ 공산품은 제가 칼로리를 기재하거나 매니저님의 결과를 수정할수있게 되었으면 좋겠어요
73,74,20210810,2021,08,10,5,오오,진짜 너믄너무너무너무너무 좋습니다... 정말ㅠㅠ 너무 친절하고 그냥 글만 올려도 칼로리를 계산해주고 한다는게 신기해용!!!! 앞으로도 유용하게 쓸것 같습니다♡♡ 다이어트 하실분들은 꼭 이거 까세요!!!! 칼로리계산 시간이 조금 길어서 야아아악간 아쉽긴 한데 그래도 괜찮고 퀄리티도 짱짱>< 인스타에 있는 만화들도 귀여버요ㅋㅋ 암튼 이거 키랑 몸무게도 쓰면 정상 몸무게도 알려쥬고용.. ㅎㅎ 저는 넘넘 좋아욥! 근데 운동기록도 있었으면 좋겠심더 .. 힘들수도 있겠지만 운동한 만큼 칼로리가 얼마나 소모되는지 알려주는게 있으면 좋을것 같아요!! 암튼 스프린트 짱짱짱 내 최애 앱 등극이닷..!!!! 이 앱 만드신분 싸랑합니다 다이어트 잘해볼께요 화이쨔!!!
74,75,20210831,2021,08,31,5,Eorluk,솔직히 수입구조가 걱정될만큼... 너무 유용하고 좋아요! 사진 ai가 분석해서 결과 주는 것보다 아직은 사람이 더 정확하니까 ㅋㅋㅋㅋ
75,76,20210720,2021,07,20,5,서유리,너무좋은데요? 이 앱 사용하면서 탄단지 섭취량에 대한 이해도가 조금 생기더라구요 권장량 맞춰서 먹어야겠다는 생각에 탄수화물도 좀 줄이고 단백질 더 먹고 이런 관리에 도움이 많이 됐습니다!!!
76,77,20211203,2021,12,03,5,김하림,"지금껏 썼던 식단어플들은 일일히 입력하느라 번거로웠는데, 스프린트는 진짜 혁명 그 자체ㅠㅠㅠ 입력해주시는 속도도 생각보다 빠르구요..!!! 넘 만족해서 계속 쓸거에요"
77,78,20210719,2021,07,19,5,Mifi Per,식단 입력상태에서 왼쪽이나 오른쪽으로 스와이프하면 입력하고 있는 텍스트가 사라지는데 임시저장이 자동으로 가능하면 좋겠습니다
78,79,20220911,2022,09,11,3,이정아,거래가 거부되었습니다 라는 문구가뜨고 결제안넘어가요 ㅠㅠ결제수단 등록 다해봤는데 답답..
79,80,20210716,2021,07,16,5,성이름,정말 잘 사용하고있어요!! 광고도 하나도 없고 사진만 찍어도 칼로리 그리고 탄단지까지 기록되서 정말 편리해요!! 정말 좋은 앱 만들어주셔서 감사함니다!!
80,81,20210516,2021,05,16,5,변양,무료라는게 죄스러울정도네요 입력하고 계산해서 올려주시는데 시간이 조금걸리지만 자동입력보다 백배편해요 반성하게되네요 내가그동안 마구먹었던데.. 개발자님 감사합니다
81,82,20211021,2021,10,21,5,피쓰,홀 이거 뭔가요 어떻게 이렇게 유용한 앱이 무료일 수가 있는거죠. 칼로리 계산 알아서 정확하게 해주셔서 식단기록이 정말 편리하네요. 귀찮아서 쓰다가 포기하기 일쑤였는데 이 앱 덕분에 이제 그럴 일이 없을 것 같아요.
82,83,20210620,2021,06,20,5,루나,다이어트중이라 여러가지 어플다운받아봤는데 이게 제일좋은것 같아요!! 먹은식단만 적어도 매니져님이 칼로리까지 계산해주니까 너무 간편하구 좋아요!!! 지인들한테도 추천해주니까 너무좋아하더라구요! 매일매일사용하고있어요! 좋은어플만들어주셔서 감사합니다🙏
83,84,20211203,2021,12,03,5,김세린,사진이나 글만 남기면 직접 양 따져서 칼로리 계산해주시는게 너무 편합니다! 특히 일반식 먹을때요ㅜㅜ!! 유료가아닌게 신기할지경.. 잘쓰고있어요 더 흥하세요!!
84,85,20220812,2022,08,12,1,이상햇쉬,왜자꾸 꺼지는거죠 하... 켜지지가 않아요
85,86,20220202,2022,02,02,5,다리이온,진짜 좋아요. 찍거나 적은 정보로 칼로리 계산해주는 앱 처음이예요. 사진으로 기록해 놓을 수도 있고 제가 계산해 기록해 보는 것보다 신뢰성이 높네요. 앞으로도 애용하겠습니다
86,87,20201003,2020,10,03,3,김경민,어플 디자인이나 기능같은건 좋은데 프리미엄 등록하니 재정비 기간이라고 코칭이 불가하더라구요 그래서 해지하려는데 해지 버튼도 못찾겠고 공지사항에도 글이 없고 1:1문의 카톡으로 연결하니 아무글도 없어 어디로 문의드려야할지 1도 모르겠어요 ..
87,88,20210908,2021,09,08,4,김나경,"유용하고 깔끔해서 잘 쓰고있는데, 올라갔던 사진과 글이 자동으로삭제된 것이 벌써 두번째입니다...! 반복적으로 이럴까봐 조금 귀찮은데 확인해주시면감사하겠습니다"
88,89,20210319,2021,03,19,5,yj j,와 너무 간단해요 정말 사진하나만 올렸는데 칼로리 분석을 해준다니 ㅋㅋㅋㅋ 게다가 무료...... 뭘로 돈버시는건가요... 아무튼 저는 너무 좋아요 감사해서 리뷰써봅니다!!!
89,90,20221004,2022,10,04,5,김종오,식단앱 유목민에서 드디어 벗어납니닷ㅠㅋㅋㅋ 일일히 찾는거 넘 귀찮았었는데 조금 비싸긴 하지만 친구 한번 안만나면 되니까 ㅎㅎ.. 이번 블프때 혹시 할인 있나용…?
90,91,20210508,2021,05,08,5,성이름,적으면됨 뭐 먹었는지 정확하지 않아도 됨 칼로리계산 자체가 내가 먹은 음식에 무슨 양념이 얼마나 들어있는줄알고 정확할리가 없잖음?? 적다보면 뭐 먹었는지도 알고 대략으로 계산도 해주고 좋네요 세상 좋네요. 그런데 이거 정말 사람들이 일일이 답변으로 작성하는건가요?? 그렇다면 정말 대단하시네요 감사합니다 잘 사용할께요^^
91,92,20210729,2021,07,29,5,고원진,"사진만 찍어도 되고, 글도 추가할 수 있어서 만족해요. 몸무게 작성할 수 있는 것도 좋은데 추이를 볼 수 있었으면 좋겠어요. 혹시 가능한데 제가 모르는 걸까요ㅠ"
92,93,20211130,2021,11,30,5,잉제네,써본지 얼마 되지않았지만 식단 기록 어플 중에서 제일 편하게 쓰는중이에요!음식 하나씩 칼로리 찾는거 너무 귀찮았는데 사진만 올리면 되니까 너무 좋아요😊
93,94,20220103,2022,01,03,5,조준연,사진찍어서 올리면 자동으로 칼로리 계산도 되고 사진찍은 시간으로 올라가기때문에 사용성이 좋고 편리합니다
94,95,20210410,2021,04,10,5,Dj Elvisk,와 정말 좋네요. 방금 설치하고 아점먹은것을 올려봤는데 10분쯤 지나니까 칼로리가 계산되어 올라오네요. 이제 다른 어플은 못쓸거 같아요... 진짜 이런 서비스를 무료로 하시다니... 광고라도 하시면 꼭 봐드릴께요 ㅋㅋㅋ 다른어플은 이제 지워야 겠네요... ㅋ감사합니다.
95,96,20210524,2021,05,24,5,Eunjeong Kim,너무 편해요. 사진을 찍어도 되고 글로 써도 되고. 기존 사용하던 것 정리하고 이걸로 정착했어요.
96,97,20220213,2022,02,13,4,이재빈,앱은 너무너무 좋은데.. 4일전 식단도 아직 계산이 안되었어요... 늦어지는 이유에 대한 글도 잘 읽었고 이해가 되었지만 5일째 기록이 되지 않고 있는 건 문제가 있는게 아닐까요?ㅠ
97,98,20210303,2021,03,03,5,하늘색,저도 앱리뷰 처음 써보러 왔습니다..! 아니 이렇게 좋은데 어케 무료로 운영이 가능하죠?? 광고라도 마구 띄워주세요 돈 많이 버셨으면ㅜㅜ유료서비스도 꼭 이용할꺼예요!! 나름 건강하게 먹는다생각했는데 이 앱깔고 탄단지 비율 칼로리 등 내가 대충 먹고사는구나를 깨달았습니다ㅎㅎ 정말정말 감사합니다!!
98,99,20210826,2021,08,26,2,rhdfyd 17,몇일째 ' 카드 올리기에 문제가 생겼어요 ' 라고 뜨면서 사진첨부가 되지 않아요. 다 좋은데 이것 말고도 사용 중간중간 자꾸 에러들이나서 불편해요.
99,100,20210328,2021,03,28,5,치읓chieut,칼로리가 보이니 하루에 얼마동안 섭취한지 바로 알수 있어서 좋았어요. 근데 토-일로 날짜 변겨미 넘 불편해요 넘기면 일요일로 가는게 아니라 담주 토로 가버리네요ㅠ 월별 통계를 한눈에 볼수 있는 기능도 있으면 좋겠어요
100,101,20210625,2021,06,25,5,붸리붸리마싰는스트로붸리맛후레쉬붸리,식단하기에 너무 좋아요. 그러나 추가 개선했으면 하는 부분이 있습니다. 1.나트륨 섭취량 분석 2.수분 섭취량 분석 이 있으면 좋겠습니다.
101,102,20210926,2021,09,26,2,김지송,자주 등록하는 식품은 업뎃 전에는 앞에 자동으로 띄워줬던 것 같은데 이젠 아니네요ㅜㅜ 제품 풀네임을 입력해야해서 번거로워요
102,103,20210811,2021,08,11,5,Park songyi,사진이나 글로만 적어도 찰떡같이 분석해주니 너~~무편해요 안그래도 기록할게많은데 한짐덜었어요! 나트륨이나 당분까지는 안나오지만 그래도 제일중요한 탄단지 비율을 잘 채워먹을수있어서 좋아요
103,104,20210316,2021,03,16,5,권선영,아직 몇번 사용안해봤지만 이게 정말 무료로 운영된다는게 이해가 안되요...물론 저는 너무너무 좋지만 너무 힘들것같으세요ㅠㅠㅠ 그렇지만 힘들다고 말안해주시는 답변까지....정말 인간적인(?) 소통이 되니까 살아있는 어플같아여.....ㅎㅎ어쨌든 너무너무감사합니다
104,105,20210623,2021,06,23,5,JANE H,최고입니다. 사진만 찍어서 올리면되고 하루종일 뭐 먹었는지 칼로리가 어떤지 한번에 알 수 있어서 좋아요. 추천해주니 친구들 모두 대박이라고 좋아합니다.
105,106,20210920,2021,09,20,4,채혜원,너무 좋고 확인은 편리한데 오류가 있고 로딩이 긴 편이네요...그래도 정말 편리한 앱입니다.
106,107,20211025,2021,10,25,5,김구,이거 진짜 마법 같은 어플이에요 뒤에서 사람이 진짜 검색 및 계산해서 입력해 주는 느낌;; 공짜로 써도 되는 거 맞나요...
107,108,20210414,2021,04,14,5,권오숙,앱설치 중 처음 리뷰써봄 이거진짜 유용하네요~ 먹는거 사진이나 단어로 바로바로 계산되니 아주 좋네요~~좋은세상 ㅎ
108,109,20210708,2021,07,08,5,홍세라 (시옷),이거 진짜 좋아요 ㅋㅋㅋ 인스타도 웃겨요 ㅋㅋㅋ 정말 잘 사용하고 있어요. 식판 찍었다가 안먹고 버린거도 삭제하는데 그거까지 다 계산해줘서 정확해요
109,110,20211213,2021,12,13,5,빠삭,하루 식사할때마다 글이나 이미지만 올려두면 얼마나 먹었는지 칼로리를 계산해줘서 너무 좋아요 ㅠㅠ 최근에 너무 바빠서 못했는데 다시 시작하고 있습니다~ !!
110,111,20210720,2021,07,20,4,HY ELLIO,"리뷰에 나온 대로 운동량 입력,체중그래프, 한눈에 볼수있는 대시보드와 자주먹는 식단 설정 기능만 추가 해주시면 별 백개 드릴께용~~~유료챌린지도 써봤는데 주-만원이 다소 부담되기는 해도 눈치보느라 술도 줄이고 ㅋㅋ 효과 좋았습니다. 월 5천원으로 일단위 대신 주단위 피드백 받는 유료 기능 추가 해주시면 좋겠어요!"
111,112,20210629,2021,06,29,3,그집사,어느 순간부터 업로드해주시는 칼로리가 성의가 없어졌습니다. 사진을 올려도 고려하지 않고 아무 숫자나 올리는 것 같습니다.
112,113,20210918,2021,09,18,5,j sh,이야 요즘 기술 많이 좋아졌네~ 하면서 웃고 있었는데 사람..전문가분들이 하는 입력이었군요 깜짝..놀라서 헐레벌떡 5점 주러 왔습니다 이런 어플 만들어주셔서 너무 감사해요!!
113,114,20210513,2021,05,13,5,조선영,제가 후기절대안쓰는데 너무좋아요 이거사람이직접하는거에요? 어쩐지 누가지켜보는 느낌때문에 덜먹게되네요ㅋㅋㅋ 광고도없고 완전 좋아요~ 체중숨김기능이 있으면좋겠어요 들어가면 바로보여서ㅜ
114,115,20210602,2021,06,02,5,나나 (장군),오늘 처음 다운받았는데 깜짝놀라서 리뷰 씁니다. 이렇게 직관적인 칼로리 기록 앱 처음봤어요. 금융계에 토스가 처음 나왔을때 충격이랄까요? 식단 기록 하고싶어도 음식 찾아서 칼로리 기록하고 이런게 귀찮은거잖아요. 그런데 이 어플은 그런 불편함을 완벽하게 해소했네요. 이 어플 무조건 뜰것 같습니다. 주식이라도 사고싶네요^^;; 어떻게 이렇게 직관적으로 만드셨는지..! 제가 초기 유저인게 기쁘네요. 앞으로가 기대됩니다
115,116,20210810,2021,08,10,2,eun mi Han,"처음엔 탄단지, 칼로리 나오는거 보고 좋다고 생각했는데 음식에 써있는 칼로리랑 탄단지 수치랑 계산해준 수치가 달라요;; 거기서 신뢰가 확 깎였어요 계속 쓸지 말지 고민입니다"
116,117,20210421,2021,04,21,5,매주,정말 아무렇게나 썼는데 칼로리 계산되는거 보고 감탄했어요. .. 담당매니저가 확인하고 칼로리를 계산해준다길래 담당매니저라는 ai 쓰고있나 했더니 사람이셨네요 ㄷㄷㄷ ㅠㅠㅠ 건강한 식단 먹어서 덜 귀찮게 할게요.. 스프린트 만들어주셔서 너무 감사합니다ㅠㅠㅠ 광고나 정기결제가 없는게 의아할 정도에요..
117,118,20210621,2021,06,21,5,Veroro kim,식단 검토허고 칼로리도 계산해주시는데 무료라니...게다가 앱 사용성도 좋고 UI도 깔끔해요! 정말 만족합니다ㅠㅠ
118,119,20210629,2021,06,29,5,GG K,점심 대충 찍어서 올렸는데 하나하나 분석해주는거 보고 감동의 눈물을 흘렸습니다... 음식 하나하나 선택하고 올리는거 귀찮아서 식단어플 안까신 분은 꼭 이 어플 까세요 강추
119,120,20210826,2021,08,26,4,이소현,피드백이 느린편이고 몸무게 표시가 뜨는데 버벅거리긴 하지만 그래도 오늘 섭취한 칼로리 잘 알려주셔서 만족해요
120,121,20210415,2021,04,15,5,조성은,광고없어서 사용하는데 불편함없어요 유용한 앱입니다 정말 좋아요 식단관리하는데 큰 도움됩니다 ❤❤
121,122,20210414,2021,04,14,5,윤은정,리뷰 잘 안쓰는데 너무좋아서 쓰게 만드네요^^ 기록하기도 편하고 칼로리 계산되는것도 신기해요 대박좋아요!
122,123,20210414,2021,04,14,5,soo “안개구름”,너무 유용하고 편리하게 잘 쓰고 있어요. 하루 3천칼로리씩이나 먹었었는데 이제 1700칼로리정도로 줄였어요! 감사합니다~^^*
123,124,20210309,2021,03,09,5,nuri Lee,너무 잘 사용하고 있습니다 사진만 올리는데 칼로리 다 계산해 주시다니.. 짱짱맨 진짜 식단관리하는 분들 두번 쓰세요 세번 쓰세요!!!
124,125,20210623,2021,06,23,5,김민지,너무너무 편하고 좋아요! 사람이 하는거라 그런지 가끔 오류있을때도 있지만 ㅜㅜ 그래도 제가 직접 찾아보지 않아도 되는 편함을 생각하면 최고에요
125,126,20210510,2021,05,10,5,soysoy,진짜 좋아요.. 좋은데 죄송한 느낌 ㅠㅠ 유료서비스 출시해서 유료사용자는 좀 빨리 칼로리정보 알려주는건 어때요? 그럼 더 맘 편히 쓸수있을거같아요! 좋은 어플 감사합니다 홍보할게요!!!
126,127,20211101,2021,11,01,5,Lou,유료로 전환해도 쓸것 같아요. 사진 찍어서 올리면 직접 입력해주시는거 진짜 편하네요.
127,128,20210620,2021,06,20,5,heemin yang,식단지키기어려웠는데 스프린트앱으로 기록하고서는 꾸준히유지하게 되네요 뭘기록해놔도 칼로리를 찾아주시니 대단하고신기해요 고생많으실꺼같애요 감사히쓰고있습니다🙏
128,129,20210313,2021,03,13,2,J,"식단 관련 평점은 상이나, 운동 등 활동에 대한 칼로리 마이너스 기능이 없어서 정확한 관리가 어렵네요."
129,130,20210727,2021,07,27,5,지은,다 좋고 너무 편한데 가끔씩 안들어가지거나 렉먹어서 핸드폰 재부팅되거나.. 그런 경우가 좀 있네여...ㅜㅜ
130,131,20210603,2021,06,03,5,김휴나,이어플만한 식단어플본적이없네요 무료이기도하고 글이든사진이든 쓰면 계산해주는게 너무좋아요
131,132,20210929,2021,09,29,5,by vy,앱 너무 만족하며 쓰고있어요. 다 좋은데 운동 기록 기능이 없다는데 조금 아쉽네요.
132,133,20210628,2021,06,28,5,ee o,"최고의 앱인 듯👍👍👍👍👍👍 뭘 먹든 찍어서 올리면 칼로리 작성해주니까 너무 편하고, 다이어트에 더 효율적이에요. 좋은 세상이에요ㅜㅜㅜㅜ"
133,134,20220127,2022,01,27,5,밍갱,너무좋아요진짜..다이어트할때 칼로리 안써져있는거 때문에 골치아팠는데 올리기만 하면 자동으로 입력완 ㅠ 사랑해요
134,135,20200705,2020,07,05,5,아봉카동,사진찍어서 올리면 칼로리랑 정보를 기록해주고 코칭도 해주다니 가끔 일일이 기록하기 귀찮을 때가 있는데 좋은기능 같아용~
135,136,20210215,2021,02,15,5,ᄋᄉᄋ,"이렇게 맘에 드는 앱은 처음이에요 저 앱 리뷰도 첨 써봄!!! 오래 쓰고 싶어서 남겨요. 어떻게 칼로리 계산을 이렇게 빠르고 정확하게 해주는거져?? 파리바게트 크랩샌드위치 / 굽네 299칼로리 도시락 <- 이런식으로 써도 알아서 잘찾아줌ㅋㅋㅋㅋ (그리고 그 샌드위치가 오늘먹은 음식 중 칼로리 젤 높아서 앞으론 안먹는겠다고 다짐함..!! 다이어트 효과 충분!!) 영양제도 입력할수 있구요 아이스아메 평균 11칼로리로 계산되는것도 오늘 첨알았네요 진짜 넘 신기해요 세상 좋아졌다 진짜ㅠㅠ 근데여..앱 회사한테는 좀 제송하지만,, 저는 식단 코칭은 필요가 없어서 유료 결제를 안할거 같은데,, 다른 서비스 있으면 좋겠어요ㅠㅋㅋㅋ 오래 오래 쓰고 싶어서 결제는 하고 싶으니까염..⭐⭐"
136,137,20210923,2021,09,23,2,JIYE KIM,어플이 좋은데..자주 느려지고 한번씩안열려서 여러번 삭제하고 다시 까네요ㅜㅜ 요부분 개선좀힘써주시면 감사하겠습니다.!!
137,138,20210519,2021,05,19,5,김하연,"이틀째 사용 중인데 이거 ,, 왜 안유명한거죠 ?? 식단기록 어플 중 가장 좋은 것 같아요 !! 디자인도 깔끔하구요 !!"
138,139,20210926,2021,09,26,5,천천,와 정말 너무좋아요ㅠㅠㅠ 뭘 올려도 꼼꼼히 체크해서 계산해주시니 식단도 더 잘 챙기게되는듯해요ㅋㅋ
139,140,20210922,2021,09,22,1,김지송,"업뎃 이후.... 먹은 양 수정을 *1.5, *2 만 되게 바꾼건 다운그레이드 아닌가요🥲🥲🥲🥲 잘 쓰던 기능인데..."
140,141,20210528,2021,05,28,4,민서,다 좋은데 그리드가 안열려요. 로딩만 계속 해요. 다른 기능은 괜찮은데... 뭐가 문제인지 모르겠어요
141,142,20210412,2021,04,12,5,cho won kang,저 앱리뷰 처음써봐요. 찾아서 칼로리 기록하다가 몇번이나 때려쳣는데 사진만찍어도 해주시니 너무좋아요
142,143,20210414,2021,04,14,5,패화,유용하게 사용하고 있습니당 여지껏 사용해보았던 칼로리 측정 어플 중에 단연 1위라고 할 수 있어요 좋은 어플 만들어주셔서 감사합니다♥
143,144,20210128,2021,01,28,5,족장,제가원하던거에요 달력밑에 사진만 주르륵 아침점심 저녁 볼수있게만들어놓은심플함이요!!
144,145,20210817,2021,08,17,5,최나현,식단 기록일지중에 최고인거같아요! 매니저님이 직접 확인하고 칼로리랑 단탄지 나눠주시니까 뭔가 피티처럼 관리받는 기분도 들고 너무 좋아요!
145,146,20210815,2021,08,15,4,나요,정말 좋은앱인거 같에요 근데 이거 매니저가 확인하는 속도가 좀만 높아졌으면 좋겠습니다!
146,147,20210421,2021,04,21,5,죵죵죵,나만 알고싶은 앱 ㅋㅋㅋ 일부 정확하지 않은 칼로리가 있지만 이번에 벌크업 하면서 칼로리 맞추기 어려웠는데 계산해주니까 맞춰가기 좋습니다
147,148,20210630,2021,06,30,1,박인경,제가 찍은 음식 사진을 제대로 인식하지 못하는데 제가 직접 칼로리를 입력할 수는 없나요? 먹은건 300칼로리도 안되는데 얘는 자꾸 400칼로리 넘게 측정해서 정확한 식단을 알 수가 없어요;
148,149,20210717,2021,07,17,4,WOOL,직관적이고 편리해요. 다만 칼로리 계산리 조금 느려요.
149,150,20211119,2021,11,19,1,ㅇㅈㄱ,같은 음식인데 칼로리가 다 달라요 음식은 주스였고 제가 열량표도 사진 첨부했는데 82칼로이였다가 150이었다가 240... 불편해서 삭제했어요
150,151,20210621,2021,06,21,5,토마토스프 (토마토수프 식구),정말 좋습니다! 사진만 올려도 알아서 칼로리 측정해주시고 최고입니다~~!
151,152,20210905,2021,09,05,5,Youngji Oh,너무 잘 쓰고있어요! 근데 위젯이 있었음 좋겠어요...ㅜㅜ 매니저 확인이라 안그래도 몇분~몇시간 기다려야하는데 위젯있으면 더 자주 볼수있고 안빼먹고 입력하게 될것같아요
152,153,20210820,2021,08,20,5,아임엘라,너무 만족합니다. 주변에 다 소문냈어요!! 정확한 g을 위해 저울도 구입했네요
153,154,20210916,2021,09,16,5,HH H,자동으로 칼로리 계산해주니 전문가가 아니라도 참 편하네요. 사진만 올리면 돼요.
154,155,20210711,2021,07,11,5,Heejoo Kim,사용했던 식단 어플중에서 제일 좋아요! 사진찍어서 올리는 기능이 정말 좋은것같아요!!
155,156,20210427,2021,04,27,5,이진,귀찮은거 대신 해줘서 좋아요 제가 하는 것보다 정확하고 식단 모아보기 좋네요
156,157,20210323,2021,03,23,5,yhjb poij,귀찮았던 입력이 쉬워지고 있어요!!! 매일 매일 식단 올리는게 기대될것 같아요
157,158,20210611,2021,06,11,5,김주혁,돈내고 쓰게해줘요.개좋아여. 후기 안남기려 했는데 너무 좋잖아여.ㅠ대박 좋아여 강추하고 다니는중..;
158,159,20210810,2021,08,10,5,최정우,진짜 제가 텍스트로 올려도 그람수 없어도 대략적인 칼로리가 계산이 되니 너무 신기합니다
159,160,20210831,2021,08,31,5,이JY,편하니까 꾸준히 기록하게 되고 한눈에 볼 수 있어서 너무 좋아요.
160,161,20220118,2022,01,18,2,김소희,장점: 사진만 찍어도 알려주는 간편함 단점: 칼로리 측정을 이상하게 해서 주는 일이 왕왕 있음
161,162,20211220,2021,12,20,5,강혜림,이때동안 썼던 다이어트 식단 앱들 중에서 제일편해요 진짜...앞으로 당분간 이앱에 정착할듯!
162,163,20210331,2021,03,31,5,지지,먹은거 적기만 하면 알아서 칼로리 계산해주심.... 다른 어플은 먹은거를 검색해야 해서 작성할 수 있는 음식의 폭이 좁았는데 이 어플은 무슨 음식이건 직접 쓰기만 하면 칼로리가 계산되니까 좋아요. 개발자분들 남는게 있나 의문임.. 돈많이 버세요
163,164,20210620,2021,06,20,5,Minalee Lee,사진만찍으면 자동으로 식단이 등록되는 정말 신기한 어플~
164,165,20210110,2021,01,10,5,Sy,사진만 찍으면 칼로리 계산 되고 식단 신경쓸 수 있어 좋은 앱이에요
165,166,20210709,2021,07,09,1,초초코바닐라,2달째 쓰고 있는데.. 애써 작성한게 자꾸 삭제되네요. 매번 다시 올리기 짜증나요. 한계점에 다다름... 아마 조만간 어플 삭제할듯....
166,167,20211223,2021,12,23,5,오은비,조아용.. 앱도 깔끔하고 결과 같은게 나오는게 조금 걸리지만 ?? 괜찮아용
167,168,20210402,2021,04,02,5,지수연,사용자가 지속가능한경영을 걱정할 정도로 너무 편리합니다😄 감사해여💪
168,169,20210820,2021,08,20,3,남써니,너무좋은데 한번씩 오류? 입력을 할수가 없어요ㅠ 꼭 개선해주셔요
169,170,20220205,2022,02,05,4,김은지,이전에도 기록되는데 오래걸렸는데 요즘에는 더 오래걸려서 아쉽네요ㅠㅜ
170,171,20210826,2021,08,26,4,hyunsook Lee,칼로리 정보가 엄청 정확하진 않겠지만 참고하기에는 좋은거같아요
171,172,20211101,2021,11,01,5,krauq,일일히 수작업으로 하시는 것 같는데 어떻게 무료인지 신기하네요 유료로 전환되어도 사용 의향 있습니다
172,173,20210811,2021,08,11,3,Dahye Kang,편리한데 가끔 칼로리가 이상하게 적히네요^^; 크리스탈라이트 한 포에 7kcal로 알고있는데 1600kcal로 되어있어서 깜짝 놀랐어요
173,174,20220221,2022,02,21,2,수빈,2월 7일 이후 기록한 식단이 업데이트가 안되고 있어요. 매일 식단 기록하라는 푸시알람이 뜨면 뭐하나요... 칼로리 기록이 안되는 걸... 직접 하시는 거라 힘드신 건 알지만 2주째 기록이 안되는 건 좀 문제 아닌가요...
174,175,20210808,2021,08,08,5,뚜주,쫄면이라고 쓰고 영양성분표 사진만 보냈는데 제품명 맞춰버리는 정확도 무엇입니까
175,176,20210819,2021,08,19,3,Sally Yi,너무 잘 쓰고 있었능데 렉이 심해서 재설치했는데도 렉이... 로딩만 10분째
176,177,20210513,2021,05,13,5,최경수,인공지능이 아닌 인간지능에 최적화된 최고의 앱! 너무 잘 사용하고 있습니다.
177,178,20210322,2021,03,22,5,강미래,"이렇게 좋은앱이 무료라니요 ,,, 광고라도 많이 띄워주세요 적게 일하고 많이 버세요 ,,"
178,179,20210315,2021,03,15,5,Kim Younghun,"잘 사용하고 있는데 어떤 회사 혹은 어떤 개인이 만들었는지, 어떤 계획인지 정보가 필요할 것 같습니다. 지금 좋아도 앱이 갑자기 사라져버리면 곤란하니까요. 홈페이지도 안 들어가지네요. 일단 응원합니다."
179,180,20210105,2021,01,05,4,뤼팡,잘쓰고 있었는데 데이터 연결안된거로 뜬다면서 그냥 먹통됐어요...
180,181,20211118,2021,11,18,5,yunji baek,이미 등록되었던 식품은 사용자가 선택하면 바로 칼로리 반영될 수 있게 해주세요!
181,182,20210921,2021,09,21,1,유쨩,업데이트하래서 했는데 계속 튕기고 사용하기 불편해졌어요
182,183,20211227,2021,12,27,5,예니텐,이거만큼 편한 식단어플이 없어서 다이어트 할때마다 쓰게 되네요
183,184,20210901,2021,09,01,5,송이,담당자님이 식단보고 자동으로 분석해주셔서 엄청 편하고 제 식습관이 어떤지 알 수 있어서 좋아요!
184,185,20210918,2021,09,18,1,우혁명,사용성은 좋은 어플이지만 잔렉이 너무너무너무 너무할 정도로 많은 어플
185,186,20210712,2021,07,12,5,Lee Yoongdi,최고에요 앱후기같은거 안쓰는데 식단할 때 너무너무 유용해요...ㅠ
186,187,20210424,2021,04,24,4,Ha heyu,좋은데 계산이너무 오래걸려요ㅠㅠ 그거만 고치면 대박일듯요
187,188,20210622,2021,06,22,5,경민경,피드백도 빠르고 하루 섭취칼로리를 알 수 있어 편리해요
188,189,20210713,2021,07,13,4,하루,탄단지 비율(적정량/내가 먹은양) 눈에 띄게 있었으면 좋겠어요
189,190,20210619,2021,06,19,5,S Jay,"1. 뭘 먹었는지 정리해서 사진으로 남기면 2. 그걸 바탕으로 음식명과 칼로리를 다 계산해 주는데 (구체적으로 적을수록 더 정확해지긴 해요) 3. 자연스레 칼로리 계산뿐 아니라 건당한 식습관을 생각하게 한다 이렇게 좋은 앱이 있다니, 이건 널리널리 이롭게 하자는 홍익인간 정신에 딱 부합해요. 개발자님 번창하세요!"
190,191,20211030,2021,10,30,5,아꾸뿔레맛있다,유료되도 사용할 의향이 있을 정도로 만족스럽습니다. 덕분에 제가 얼마나 먹는지 알 수 있네요. 감사합니다.
191,192,20210804,2021,08,04,5,위지영,사진올리면 그것에 맞춰서 정리해주는것이 편해요
192,193,20210531,2021,05,31,5,Yeonjin Yu,너무너무너무 편합니다 ㅜㅜㅜ 주변에 적극추천했어요!!!
193,194,20210329,2021,03,29,5,이채은,앱 다운받고 리뷰 처음써봐요..!! 리뷰를 안남길 수 없는 진짜 최고의 앱ㅠㅠㅠㅠ 일을 어떻게 하고 계신거예요? 어떻게 이렇게 빨리 빨리 등록이 되죠????? 무료로 이런 서비스를 이용할 수 있다니 진짜 너무 감사하고 감동입니다ㅠㅠㅠ 개발자님 건강하시고 앱 계속 흥하시길 바랄게요~
194,195,20210620,2021,06,20,5,김희경,오늘 하루 뭘 먹고있는지 한 눈에 볼 수 있어 체력 관리에 많은 도움이 되는 것 같습니다.
195,196,20210602,2021,06,02,1,황태성,앱켜면 무한로딩. 접속 되는게 가챠수준. 앱부터 안열리는데 식단이 무슨소용
196,197,20210511,2021,05,11,5,김나연,너무 편하고 좋아요. 무료로 사용해도되나 싶을 정도네요
197,198,20221025,2022,10,25,5,Bo Bo,제가 사랑하는 어플이예요
198,199,20210509,2021,05,09,5,정소은,자동으로 칼로리 계산 되는게 넘 편리하고 좋아요!
199,200,20210726,2021,07,26,3,쏘,기능은 너무ㅈ좋은데 앱이 자꾸 안들어가져요 ..
200,201,20210919,2021,09,19,5,최윤정,"업데이트하라고 저꾸 뜨는대, 창이 열리지도 않고 업데이트도 안되네요"
201,202,20211101,2021,11,01,5,이보영,유료되도 사용할앱! 구글피트니스만 연동되면 너무좋을것같아용!
202,203,20210716,2021,07,16,5,아이엠그루트,아무생각없이 받았는데 너무 좋아요 ㅋㅋㅋㅋㅋㅋ 솔직히 뮤엇을 얼만큼 어떻게 먹은지 체크하기 귀찮자나요. 이 어플은 어플 매니저분들이 다 체크해주십니다. 매너저분들.....건강챙기세요!!!!
203,204,20200924,2020,09,24,5,7 qwerty,좋아여~ 글쓸때 오류가 있는데 그거만 개선되면 좋을거같아요
204,205,20210812,2021,08,12,4,Dol.9 Bong,칼로리 자동으로 기록해주니 너무편하고 좋습니다!
205,206,20210924,2021,09,24,5,박정은,피티쌤한테 다이어트 식단 보고하는 느낌이에요... good
206,207,20210713,2021,07,13,4,정은,생일정보 입력 시 .로 년월일을 구분하는 듯 하나 키보드는 숫자 입력 키보드로 .를 입력할 수 없는 문제가 있습니다
207,208,20210818,2021,08,18,2,YOLOHan,앱 실행하는데 로딩시간이 너무 많이 걸려요 ㅠㅠ
208,209,20220202,2022,02,02,5,librae gliese,너무 좋아요... 유료 구독제를 추가해도 구매할 의향이 있어요
209,210,20210620,2021,06,20,5,달빛태용,식단 조절및 다이어트 동기부여에 최적화된 어플!
210,211,20210910,2021,09,10,1,강서연,"고민 중이었는데 결제는 안 하길 잘 했네요. 5시 10분에 올린 식단이 아직도 칼로리 입력이 안되네요. 지금 9시 다 되어갑니다., 식단 일기 중요해서 받은 앱인데 관리가 게으르신 거 같아요."
211,212,20210620,2021,06,20,5,양민주,사진이나 텍스트 보고 칼로리 분석해주시는 노고에 정말 감사감사 왕감사드리며 잘 쓰고 있습니다 ㅠㅠ!!
212,213,20210824,2021,08,24,1,JINHO AHN,앱이 느려도 너무 느리다. 개발자 역량인데...
213,214,20210821,2021,08,21,4,YH J,버그요.. 전날에 아침 안먹었으면 오늘 아침 입력하려고 오늘 누르고 추가하면 전날 아침으로 등록돼요
214,215,20210206,2021,02,06,5,Sungzy,사진만 찍어도 되니 너무 편리해요~!
215,216,20210829,2021,08,29,5,이서현,진짜 너무너무 좋아요! 오늘 하루 얼마나 먹었나 한 눈에 볼 수 있고 탄단지 비율 잘 지킬 수 있어서 좋아요!!
216,217,20210805,2021,08,05,5,Seon-Woong Mo,정말 신기한 어플이에요! 유료로 하는 식단관리도 받아보려구요ㅎㅎ
217,218,20211028,2021,10,28,5,m k,인공지능이 아닌 인간지능 최고에요ㅋㅋ 이런 어플을 무료로 사용할 수 있다니 감사합니다ㅠ
218,219,20210626,2021,06,26,5,냥똥,사람이 직접 음식 분석해서 기록해주니까 왠지 친근해서 사용하게 돼요
219,220,20211204,2021,12,04,5,홍소리,혹시.. 사람이 직접 해주시는건가요ㅜㅜ이제 막 올렸는데 놀랐어요 멤버쉽가입의향 있어요
220,221,20210727,2021,07,27,3,Min chan hong _research,구글 아이디로 가입을 시도하는데 여러차례 회원가입에 문제가 있다는 메세지만 나오고 회원가입이 안되네요
221,222,20210620,2021,06,20,5,Dongsik LIm,스프린트 덕택에 다이어트 성공했어요! 유료화하셔도 쓸 의향 있습니다
222,223,20220907,2022,09,07,1,파란꽃미로,식단 칼로리 알고 싶어서 결제하려고 했는데 계속 오류 뜨네요
223,224,20210401,2021,04,01,5,김미소,이렇게 좋은 앱이 무료라니요 믿을 수 없습니다 원래 리뷰 잘 안남기는데 이건 남길 수 밖에 없네요;; 혹시 지금 ai개발 중이신가요? 하단에 광고라도 많이 띄워 주세요
224,225,20210722,2021,07,22,4,Cho현,제꺼에서 안열리는데요 갑자기. 잘쓰다가 왜그러는지 모르겠네요; 업데이트가 필요할까요?
225,226,20210828,2021,08,28,5,치챱 ChiChop,운동한 칼로리도 나오면 너무 행복할거같아요 ☺
226,227,20220723,2022,07,23,5,신건용,좋습니다. 식단은 이걸로!
227,228,20210819,2021,08,19,2,#버섯버섯,다 좋은데 점심시간만 되면 앱이 안켜지네요... 점심 기록하지 말라는건가..?
228,229,20211001,2021,10,01,5,김솔지,"최고..대대대대대대대대 만족하는 어플입니다 만수무강하세요,,,,"
229,230,20201123,2020,11,23,5,김소연,다이어트중일때 식단 칼로리 신경쓰이는데 요 스프린트 앱하나로 그런 고민이 사라졌어요! 신박한 앱입니다👍
230,231,20210910,2021,09,10,5,Christina lee,생각보다 너무잘쓰고있어요 먹은거 한번 돌아볼수있는기회
231,232,20210621,2021,06,21,5,김민규,"사용한지 한달이 넘었지만 여전히 믿을 수 없다, 이런 서비스가 무료라는 것이!!!!"
232,233,20210820,2021,08,20,1,ho hoho,앱이 안 켜질 때가 너무 많습니다...
233,234,20210825,2021,08,25,5,소소,대박이에여.. 운영진이 칼로리 계산해서 입력해주고 대박임..
234,235,20210823,2021,08,23,5,Kim아티,일일이 칼로리 안찾아도되서 식단관리가 편해요
235,236,20211118,2021,11,18,5,내일은근육왕,너무좋아용 잘쓰고있습니다 꾸벅꾸벅
236,237,20210621,2021,06,21,5,전성준,이거만한 어플 없음 덕분에 식단관리 시작해서 2달째 순행중 제 인생을 바꿔주셨어요 감사합니다
237,238,20210406,2021,04,06,5,안지원,사람이 직접 써주시는 건 줄 모르고...식단 수정 엄청 했는데 죄송합니다...ㅠㅠ
238,239,20200829,2020,08,29,5,sun,사진만 찍어서 올리면 자동으로 칼로리 계산 해주는게 말도 안되는 신기한 어플 ㅋㅋㅋㅋㅋ
239,240,20210831,2021,08,31,5,6시내고양이,너무좋아요 근데 가끔 음식을 잘못인식해요..완전히
240,241,20220110,2022,01,10,4,임성희,칼로리 자동계산되서 좋아요 😀다만 하나 개선사항을 요청드리자면 메인보드의 섭취/표준칼로리 영역이 섭취/감량칼로리 섭취/표준(유지)칼로리 섭취/증량칼로리 이렇게 선택할수있고 칼로리표시와 탄단지비율이 잘보였으면 좋겠어요! 지금 표시되는 섭취칼로리와 탄단지비율 대로 먹으면 빼박 증량 되요 ㅎㅎㅎ
241,242,20210819,2021,08,19,5,미니,너무 편하고 좋아요 주변에도 추천했어요~
242,243,20210204,2021,02,04,3,감자,"이틀 잘썻는데 안돼요ㅠㅠ 지웠다 다시 깔아도안돼여,,"
243,244,20210603,2021,06,03,5,오늘의집,정성 미쳤음; 처음에는 오히려 매니저라는 누군가가 내가 먹은걸 다 보고 체크한다는 느낌이어서 부담스러웠는데 그냥 마음 다 잡고 올리기 시작하니 이렇게 편할수가!!
244,245,20210726,2021,07,26,5,뻠스테드,식단 쉽게 기록할수있어서 좋네요
245,246,20220720,2022,07,20,5,김다희,돌아오셨군여!!!!!!이 앱 너무 편리해용!!👍👍
246,247,20211129,2021,11,29,5,정하라미,안녕하세요 잘 사용하고 있는데 한가지 문제가 있어요 대체 멤버십은 언제 나오나요?? 돈을 바치고 싶은데 나오지 않아서 너무 속상해요 이미 있는데 안눌리는건가? 멤버십 알아보기 안눌리던데ㅜ
247,248,20210620,2021,06,20,5,길고긴,간편하고뭐먹었는지 기록하기 편해요
248,249,20220212,2022,02,12,4,예은 이,당류나 나트륨 같은 것이 대략적으로라도 나왔으면 좋겠어요~
249,250,20220205,2022,02,05,5,루나금,칼로리 계산이 바로 돼서 편해요. 근데 직원이 한명한명 직접하시나요? 넘 대단하신듯........
250,251,20220324,2022,03,24,5,jinhee kim,너무나 좋은 획기적인 앱이에요
251,252,20210914,2021,09,14,5,천예화,인간지능!! 정성에 박수를 보냅니다ㅎㅎ 감사합니다
252,253,20210815,2021,08,15,5,EM,식단일기중 가장 편합니다 조금 더 쓰다가 리뷰 다시 올릴게요
253,254,20210619,2021,06,19,5,베르,좋아요 칼로리계산해주니까 너무 편해요
254,255,20201026,2020,10,26,1,이서아,유료 구매하지 마세요 진짜 돈아까움 익일피드백준다고하고 안줄때도 있고ㅋㅋ(3번인가그럼) 식사 평 몇줄쓰는데 일도 도움안됨 그냥 친구랑 식사공유하고 피드백받는게낫겠다 하루에한번 10시에 피드백주는게 다임ㅋㅋㅋㅋ 싼만큼 성의없나 진심실망임 눔쓰려다 비슷한것같아서했는데 진짜별로임 무료 칼로리계산용은 괜찮을수도?
255,256,20210204,2021,02,04,5,박경아,너무 편하게 이용했습니다. 그런데 오늘 갑자기 연결이 안되네요? 왜죠?
256,257,20210504,2021,05,04,5,조원빈,사람이 직접 적어주는 식단 기록앱 정말 최고 입니다 👏🏻👏🏻👏🏻👏🏻
257,258,20210919,2021,09,19,5,Notte K,멤버십 간절히 기다리고 있어요ㅠ 너무 좋음
258,259,20210821,2021,08,21,5,LIA,와 넘 죠아요..... 서비스 만족도 최상!!!!
259,260,20210603,2021,06,03,5,김혜진,이 어플이 무료라니!! 진짜 좋은데 식단 관리하기 넘 편해요!🥰
260,261,20210408,2021,04,08,5,새하얀,"바로바로 칼로리가 안나오는줄 알고 실망했는데 보니까 아침,점심,저녁,야식까지 다 계산해서 넘넘 정말루 좋아요! 별 100만개 주고싶어ㅜ"
261,262,20210531,2021,05,31,2,1 only,분명히 기록했는데 없어지는 건 왜그런거죠ㅠ
262,263,20210911,2021,09,11,4,Roowon Lee,공짜로 이용하는 게 미안할 정도네요...^^ 너무 좋아요~~
263,264,20210929,2021,09,29,5,오랭(오랭),평소에 칼로리 생각 안하고 막 먹었었는데 치킨이랑 고기 칼로리 계산해주신거 보고 충격.. 덕분에 다이어트 결심 확 서네요 ㅋㅋㅋㅋ 일일히 칼로리를 계산할 필요가 없어서 너무 좋아요 ㅎㅎ 인간지능 짱!!
264,265,20220121,2022,01,21,5,j da,인간지능 좋아요~ 간식을 먹고 싶어도 수고하실 거 생각하니 안 먹게 되네요ㅎㅎ
265,266,20210707,2021,07,07,5,김현정,잘 쓰고 있었는데 갑자기 접속이 안돼요 ㅠㅠ
266,267,20220115,2022,01,15,5,이후영,보기가 편해서 좋아요
267,268,20210911,2021,09,11,5,구라쏘,이 앱은 흥했으면 좋겠다 정말 도움 많이 돼요
268,269,20220224,2022,02,24,4,김민지,아침점심저녁다올릴수있으면좋겠어용
269,270,20220307,2022,03,07,5,GB J,너무 좋았는데 얼른 재개했음 좋겠어요
270,271,20210322,2021,03,22,5,최란,평점같은거 개귀찮아해서 안남기는데.. 개발자님들 땅파서 장사하시나요.. 현시간 오후 11시43분인데 칼로리 업뎃돼는거 실화..? 적게일하시고 많이버시고 들숨에 건강 날숨에 재력을 얻으세요 저희건강챙기느라 오히려 개발자님 건강이 염려되네요;; 안녕하시길.. 운동이나 홈트영상에의한 소모칼로리가 있었으면 좋겠어요 언젠간 업뎃 돼겠죠
271,272,20211102,2021,11,02,5,이모리,스프린트의 인간지능은 정말 대단해요! 먹은걸 얼레벌레 써서 올려놔도 깔끔하게 계산해주시는 담당자님 덕분에 복잡하게 계산할 필요가 없어서 너무 좋아요! 다이어트한답시고 다운 받은건데 매 끼 임금님 밥상마냥 먹어대서 제 담당자님은 특히나 더 고생하실 것 같아요! 유료 멤버십이 나와도 기분 좋게 결제할게요! 화이팅!
272,273,20210902,2021,09,02,5,NT연두색,편해요. 저같은 게으름도 잘써요
273,274,20211101,2021,11,01,5,정구현,사진으로 찍어서 하니까 편해요
274,275,20220208,2022,02,08,5,정성은,지금 이 순간이 좋은 발판이 되어서 잘 되실거에요! 나중에 멤버십 꼭 가입하고싶네요
275,276,20210721,2021,07,21,5,전광렬,알아서 칼로리 계산해줘서 너무 편해요
276,277,20211016,2021,10,16,3,최은영,오전 11시반에 올렸는데 저녁 6시가 넘어가도록 업뎃이 안되네요ㅠㅠ
277,278,20210120,2021,01,20,5,Seok Kim,진짜 깔끔하고 탄단지 맞춰 먹기 좋아요
278,279,20210918,2021,09,18,5,잏,칼로리 계산을 바로 해줘서 너무 좋아요
279,280,20210623,2021,06,23,5,박다솔,다이어트식중인데 매우 유용
280,281,20221021,2022,10,21,5,김종섭,제일 좋은듯 딱 원하는앱
281,282,20210423,2021,04,23,5,바르게 박사장,너무 완전! 좋습니다. 신세계.
282,283,20211016,2021,10,16,4,깨구락지,오늘 자꾸 렉 걸리고 식단 추가가 안돼요..
283,284,20211117,2021,11,17,5,얼룩송아름,멤버쉽다신보지않기누른뒤로안되는데 자세히알아보려면어떻게해야하는지요?
284,285,20210920,2021,09,20,5,송상현,너무 편리하고 좋아요~
285,286,20220721,2022,07,21,5,우리꽃무궁화,좋아요~훌륭해요~~
286,287,20211003,2021,10,03,5,유승현,직접 관리안해도 알아서 알아서 계산해줘서 좋아요
287,288,20220205,2022,02,05,3,박소희,그냥 유료화 하세요 칼로리 계산 안올라 오는것도 점점 많아져요
288,289,20211009,2021,10,09,5,함은화,진짜 저 같은 귀차니즘인 사람한테 운명같은 앱을 만났어요...사랑해요🙈💕
289,290,20210721,2021,07,21,5,김선아,칼로리 기록에 유용해요. 깔끔해서 좋아요
290,291,20210810,2021,08,10,5,새나,칼로리를 자동으로 계산해주니 편해요
291,292,20211223,2021,12,23,5,힘찬봉공근,오늘 처음 써봤는데 이거 사람이 직접 작성 하시는 건가요? 늦은 시간에도 꽤 빠르게 결과가 올라오네요 ㄷㄷ
292,293,20210313,2021,03,13,5,Jamie,앱 너무 좋아용~♡ 뱃살 빼고 싶어요!!!🥲
293,294,20220210,2022,02,10,5,정건,잘 쓰고있습니다 기다릴게욥 6월1일
294,295,20210212,2021,02,12,5,Seunghwan Bang,너무 좋아요 ! 다이어트에 짱짱 !
295,296,20210414,2021,04,14,5,chanwhan Cho,먹은 양을 디테일하게 알려줍니다
296,297,20210826,2021,08,26,5,SOY,칼로리 기록하기 귀찮았는데 좋은 어플입니다 ㅎ
297,298,20210625,2021,06,25,5,쿼카,역대급으로 유용한 다이어트 어플
298,299,20210318,2021,03,18,2,새쌉,브랜드 이름까지 써서 보냈는데 다른 브랜드 정보를 입력해주네ㅋㅋ
299,300,20210519,2021,05,19,5,인아,좋습니다 무조건 다운받으세요
300,301,20210414,2021,04,14,5,노란샤쓰,개쩌는앱. 다이어터들 무조건 다운받으삼요
301,302,20220219,2022,02,19,3,Valentine Rouis,식단등록해도 2주일 전부터 칼로리 계산 을 안해주고 반영이안되네요 운영 멈춘건가요?
302,303,20210812,2021,08,12,2,린콩,연결이 너무 불안정해요
303,304,20210927,2021,09,27,5,개콘이망한이유,최고에요 완전 편해요
304,305,20210805,2021,08,05,5,한소린,완전편하고 좋아요!
305,306,20210818,2021,08,18,1,강지희,이전 기록을 지울 수가 없어요
306,307,20211121,2021,11,21,5,고연화,설마 했는데 인간지능이라니... 인간지능이라니... 살아는계세요?
307,308,20210403,2021,04,03,5,MILIM JANG,피드백 엄청빨라요 최고👍👍
308,309,20210813,2021,08,13,5,오개미,알아서 칼로리도 계산해 주시고 편해요
309,310,20210902,2021,09,02,5,토히,너무편하고 좋아요 !
310,311,20210915,2021,09,15,5,최재훈,간편하고 좋아요
311,312,20210902,2021,09,02,5,국순당,계속 이대로만 유지해줘요 존좋어플
312,313,20210317,2021,03,17,4,rod tls,시중에 나온 칼로리랑 다르게 나와요
313,314,20210128,2021,01,28,5,조아라,잠금기능이 있었으면 좋겠어요!
314,315,20211108,2021,11,08,5,Joo hee Son,유료가 아닌게 신기할 정도
315,316,20210905,2021,09,05,4,로빈슨크루소,당뇨환자인데 아주 좋네요
316,317,20211201,2021,12,01,5,정지영,진짜 완전 편함 인생어플♥
317,318,20210526,2021,05,26,5,갈릭팝콘,간편하고 좋아요!!
318,319,20210530,2021,05,30,5,tape2 love,최고다 이거야 아 ㅋㅋ
319,320,20210804,2021,08,04,5,Soom Lee,간편하고좋아요
320,321,20210915,2021,09,15,1,소라게,오류가 너무 심해요..
321,322,20211003,2021,10,03,5,손채연,최고의식단어플
322,323,20211027,2021,10,27,5,윤또릿,진짜이거 최고임
323,324,20220121,2022,01,21,5,오늘하루,이런 어플은 없었다 무료 실화야???
324,325,20200711,2020,07,11,5,강현주,너무 좋아요!
325,326,20210707,2021,07,07,5,김진아,너무만족해요^^
326,327,20210423,2021,04,23,5,m m,정말 좋아요!
327,328,20210716,2021,07,16,5,쿄쿄쿄,아주 좋아요~
328,329,20220103,2022,01,03,5,백지원,아주 좋아요
329,330,20211109,2021,11,09,5,Jimin kim,진짜 여지껏 모든 칼로리 어플중 쵝오
330,331,20220721,2022,07,21,5,김지선,드디어~~!!! 기다렸어요♡
331,332,20210827,2021,08,27,3,김새롬,현재 본인 키 모를때 어떻게 해야하죠?
332,333,20210717,2021,07,17,5,모드니,너무 좋아요~
333,334,20210827,2021,08,27,5,김영주,신기하네요.... 좋아요!
334,335,20210708,2021,07,08,5,정나나,좋아요 간편하고
335,336,20210621,2021,06,21,5,손예리,이 어플 덕에 열심히 살 빼고 있어요♡
336,337,20210811,2021,08,11,5,Warren Buffett,꼭 쓰세요 두번쓰세요 굳
337,338,20211102,2021,11,02,5,김유진,레알 유료여도 쓸 어플
338,339,20210816,2021,08,16,4,김보름,기록용으로 좋아요
339,340,20210404,2021,04,04,5,손종익,사용해보세요 강추합니다
340,341,20210715,2021,07,15,5,A.Y. L,앱 리뷰 처음함. 그만큼 어메이징함.
341,342,20210813,2021,08,13,4,Hee Ra Sin,좋아요.간편함
342,343,20220106,2022,01,06,5,떨려오는별빛,혁명임ㅋㅋㅋㅋㅋ유료되도 쓸거임
343,344,20210414,2021,04,14,5,gon gon,고마워요~*
344,345,20210818,2021,08,18,5,한규연,살빼기 좋아요
345,346,20211116,2021,11,16,5,나성찬,이게 무료라고요?
346,347,20221108,2022,11,08,2,jh Lee,무료버전은 할 수 있는게 아예 없어요. 최소한 기록 모아보기라도 제공해주면 좋겠어요. 보이는 게 없어서 확실히는 모르겠지만 인터페이스 깔끔해보입니다. 운동기록이 지원되지않아 결제해서 사용할만큼의 매리트는 없네요.
347,348,20220403,2022,04,03,3,김광수,굿
348,349,20211214,2021,12,14,5,최고,신기해요
349,350,20211123,2021,11,23,5,이선애,최고에요 👍
350,351,20211027,2021,10,27,5,우유,조아여
351,352,20210826,2021,08,26,5,명구,좋음
352,353,20210816,2021,08,16,5,김정원,좋아요
353,354,20210813,2021,08,13,4,콩설이,편해요
354,355,20210729,2021,07,29,5,SS S,굿
355,356,20210717,2021,07,17,5,박준영,좋아요
356,357,20210719,2021,07,19,5,Ko,최고
357,358,20210718,2021,07,18,5,이정명,좋아요
358,359,20210624,2021,06,24,5,키어링,굿굿
359,360,20210718,2021,07,18,5,임형빈,좋아여
360,361,20210415,2021,04,15,5,Jason Kim,너무좋아용
361,362,20210306,2021,03,06,5,이하나,걍최고bb
362,363,20200922,2020,09,22,5,금선호,갓갓 어플
363,364,20210211,2021,02,11,5,김태식,굿굿
364,365,20210211,2021,02,11,5,김태식,굿
